Country.Name,Country.Code,Year,Value
Caribbean small states,CSS,1960,4198307
Caribbean small states,CSS,1961,4277802
Caribbean small states,CSS,1962,4357746
Caribbean small states,CSS,1963,4436804
Caribbean small states,CSS,1964,4513246
Caribbean small states,CSS,1965,4585777
Caribbean small states,CSS,1966,4653919
Caribbean small states,CSS,1967,4718167
Caribbean small states,CSS,1968,4779624
Caribbean small states,CSS,1969,4839881
Caribbean small states,CSS,1970,4900059
Caribbean small states,CSS,1971,4960647
Caribbean small states,CSS,1972,5021359
Caribbean small states,CSS,1973,5082049
Caribbean small states,CSS,1974,5142246
Caribbean small states,CSS,1975,5201705
Caribbean small states,CSS,1976,5260062
Caribbean small states,CSS,1977,5317542
Caribbean small states,CSS,1978,5375393
Caribbean small states,CSS,1979,5435143
Caribbean small states,CSS,1980,5497756
Caribbean small states,CSS,1981,5564200
Caribbean small states,CSS,1982,5633661
Caribbean small states,CSS,1983,5702754
Caribbean small states,CSS,1984,5766957
Caribbean small states,CSS,1985,5823242
Caribbean small states,CSS,1986,5870023
Caribbean small states,CSS,1987,5908886
Caribbean small states,CSS,1988,5943661
Caribbean small states,CSS,1989,5979907
Caribbean small states,CSS,1990,6021614
Caribbean small states,CSS,1991,6070204
Caribbean small states,CSS,1992,6124265
Caribbean small states,CSS,1993,6181538
Caribbean small states,CSS,1994,6238576
Caribbean small states,CSS,1995,6292827
Caribbean small states,CSS,1996,6343683
Caribbean small states,CSS,1997,6392040
Caribbean small states,CSS,1998,6438587
Caribbean small states,CSS,1999,6484510
Caribbean small states,CSS,2000,6530691
Caribbean small states,CSS,2001,6577216
Caribbean small states,CSS,2002,6623792
Caribbean small states,CSS,2003,6670276
Caribbean small states,CSS,2004,6716373
Caribbean small states,CSS,2005,6761932
Caribbean small states,CSS,2006,6806838
Caribbean small states,CSS,2007,6851221
Caribbean small states,CSS,2008,6895315
Caribbean small states,CSS,2009,6939534
Caribbean small states,CSS,2010,6984096
Caribbean small states,CSS,2011,7029022
Caribbean small states,CSS,2012,7074129
Caribbean small states,CSS,2013,7118888
Caribbean small states,CSS,2014,7162679
Caribbean small states,CSS,2015,7204948
Caribbean small states,CSS,2016,7245472
East Asia & Pacific,EAS,1960,1042016962
East Asia & Pacific,EAS,1961,1045307974
East Asia & Pacific,EAS,1962,1059467033
East Asia & Pacific,EAS,1963,1084916211
East Asia & Pacific,EAS,1964,1109997197
East Asia & Pacific,EAS,1965,1136131881
East Asia & Pacific,EAS,1966,1165700563
East Asia & Pacific,EAS,1967,1194329626
East Asia & Pacific,EAS,1968,1223381452
East Asia & Pacific,EAS,1969,1255964340
East Asia & Pacific,EAS,1970,1288580672
East Asia & Pacific,EAS,1971,1322181844
East Asia & Pacific,EAS,1972,1354002849
East Asia & Pacific,EAS,1973,1384272287
East Asia & Pacific,EAS,1974,1414384540
East Asia & Pacific,EAS,1975,1441541935
East Asia & Pacific,EAS,1976,1465814651
East Asia & Pacific,EAS,1977,1488757160
East Asia & Pacific,EAS,1978,1511580462
East Asia & Pacific,EAS,1979,1534795624
East Asia & Pacific,EAS,1980,1557506468
East Asia & Pacific,EAS,1981,1580901245
East Asia & Pacific,EAS,1982,1606486447
East Asia & Pacific,EAS,1983,1632005817
East Asia & Pacific,EAS,1984,1656292670
East Asia & Pacific,EAS,1985,1681267479
East Asia & Pacific,EAS,1986,1707960613
East Asia & Pacific,EAS,1987,1736144967
East Asia & Pacific,EAS,1988,1764605492
East Asia & Pacific,EAS,1989,1792425355
East Asia & Pacific,EAS,1990,1819288343
East Asia & Pacific,EAS,1991,1845101737
East Asia & Pacific,EAS,1992,1869217918
East Asia & Pacific,EAS,1993,1892440716
East Asia & Pacific,EAS,1994,1915670711
East Asia & Pacific,EAS,1995,1938715324
East Asia & Pacific,EAS,1996,1961419043
East Asia & Pacific,EAS,1997,1983653425
East Asia & Pacific,EAS,1998,2005143552
East Asia & Pacific,EAS,1999,2025300644
East Asia & Pacific,EAS,2000,2044496088
East Asia & Pacific,EAS,2001,2063002418
East Asia & Pacific,EAS,2002,2080534724
East Asia & Pacific,EAS,2003,2097265008
East Asia & Pacific,EAS,2004,2113465324
East Asia & Pacific,EAS,2005,2129445086
East Asia & Pacific,EAS,2006,2145245494
East Asia & Pacific,EAS,2007,2160431752
East Asia & Pacific,EAS,2008,2175832008
East Asia & Pacific,EAS,2009,2190811045
East Asia & Pacific,EAS,2010,2205614879
East Asia & Pacific,EAS,2011,2220357890
East Asia & Pacific,EAS,2012,2235430359
East Asia & Pacific,EAS,2013,2250552199
East Asia & Pacific,EAS,2014,2265898057
East Asia & Pacific,EAS,2015,2281203360
East Asia & Pacific,EAS,2016,2296786207
East Asia & Pacific (excluding high income),EAP,1960,896028698
East Asia & Pacific (excluding high income),EAP,1961,895298263
East Asia & Pacific (excluding high income),EAP,1962,906884794
East Asia & Pacific (excluding high income),EAP,1963,929755070
East Asia & Pacific (excluding high income),EAP,1964,952270698
East Asia & Pacific (excluding high income),EAP,1965,975806696
East Asia & Pacific (excluding high income),EAP,1966,1002934760
East Asia & Pacific (excluding high income),EAP,1967,1029191793
East Asia & Pacific (excluding high income),EAP,1968,1056451631
East Asia & Pacific (excluding high income),EAP,1969,1085459960
East Asia & Pacific (excluding high income),EAP,1970,1115426888
East Asia & Pacific (excluding high income),EAP,1971,1146089613
East Asia & Pacific (excluding high income),EAP,1972,1175063145
East Asia & Pacific (excluding high income),EAP,1973,1203125473
East Asia & Pacific (excluding high income),EAP,1974,1229692862
East Asia & Pacific (excluding high income),EAP,1975,1253833445
East Asia & Pacific (excluding high income),EAP,1976,1276113367
East Asia & Pacific (excluding high income),EAP,1977,1296790080
East Asia & Pacific (excluding high income),EAP,1978,1317415135
East Asia & Pacific (excluding high income),EAP,1979,1338309727
East Asia & Pacific (excluding high income),EAP,1980,1358820476
East Asia & Pacific (excluding high income),EAP,1981,1379912281
East Asia & Pacific (excluding high income),EAP,1982,1403263369
East Asia & Pacific (excluding high income),EAP,1983,1426711590
East Asia & Pacific (excluding high income),EAP,1984,1449129592
East Asia & Pacific (excluding high income),EAP,1985,1472378771
East Asia & Pacific (excluding high income),EAP,1986,1497346873
East Asia & Pacific (excluding high income),EAP,1987,1523913102
East Asia & Pacific (excluding high income),EAP,1988,1550788717
East Asia & Pacific (excluding high income),EAP,1989,1576996364
East Asia & Pacific (excluding high income),EAP,1990,1602333626
East Asia & Pacific (excluding high income),EAP,1991,1626573153
East Asia & Pacific (excluding high income),EAP,1992,1649254066
East Asia & Pacific (excluding high income),EAP,1993,1671105718
East Asia & Pacific (excluding high income),EAP,1994,1692831189
East Asia & Pacific (excluding high income),EAP,1995,1714178345
East Asia & Pacific (excluding high income),EAP,1996,1735206930
East Asia & Pacific (excluding high income),EAP,1997,1756055502
East Asia & Pacific (excluding high income),EAP,1998,1776225147
East Asia & Pacific (excluding high income),EAP,1999,1795288998
East Asia & Pacific (excluding high income),EAP,2000,1813301554
East Asia & Pacific (excluding high income),EAP,2001,1830514334
East Asia & Pacific (excluding high income),EAP,2002,1846954095
East Asia & Pacific (excluding high income),EAP,2003,1862791918
East Asia & Pacific (excluding high income),EAP,2004,1878255588
East Asia & Pacific (excluding high income),EAP,2005,1893574455
East Asia & Pacific (excluding high income),EAP,2006,1908392032
East Asia & Pacific (excluding high income),EAP,2007,1922657606
East Asia & Pacific (excluding high income),EAP,2008,1936774935
East Asia & Pacific (excluding high income),EAP,2009,1950768124
East Asia & Pacific (excluding high income),EAP,2010,1964691596
East Asia & Pacific (excluding high income),EAP,2011,1978727582
East Asia & Pacific (excluding high income),EAP,2012,1993008684
East Asia & Pacific (excluding high income),EAP,2013,2007434775
East Asia & Pacific (excluding high income),EAP,2014,2022021082
East Asia & Pacific (excluding high income),EAP,2015,2036552598
East Asia & Pacific (excluding high income),EAP,2016,2051431154
East Asia & Pacific (IDA & IBRD countries),TEA,1960,884594151
East Asia & Pacific (IDA & IBRD countries),TEA,1961,883622082
East Asia & Pacific (IDA & IBRD countries),TEA,1962,895002116
East Asia & Pacific (IDA & IBRD countries),TEA,1963,917678098
East Asia & Pacific (IDA & IBRD countries),TEA,1964,939976174
East Asia & Pacific (IDA & IBRD countries),TEA,1965,963246433
East Asia & Pacific (IDA & IBRD countries),TEA,1966,990056431
East Asia & Pacific (IDA & IBRD countries),TEA,1967,1015955063
East Asia & Pacific (IDA & IBRD countries),TEA,1968,1042826969
East Asia & Pacific (IDA & IBRD countries),TEA,1969,1071434338
East Asia & Pacific (IDA & IBRD countries),TEA,1970,1101000676
East Asia & Pacific (IDA & IBRD countries),TEA,1971,1131263830
East Asia & Pacific (IDA & IBRD countries),TEA,1972,1159838734
East Asia & Pacific (IDA & IBRD countries),TEA,1973,1187515154
East Asia & Pacific (IDA & IBRD countries),TEA,1974,1213723493
East Asia & Pacific (IDA & IBRD countries),TEA,1975,1237541051
East Asia & Pacific (IDA & IBRD countries),TEA,1976,1259540585
East Asia & Pacific (IDA & IBRD countries),TEA,1977,1279975038
East Asia & Pacific (IDA & IBRD countries),TEA,1978,1300380203
East Asia & Pacific (IDA & IBRD countries),TEA,1979,1321054512
East Asia & Pacific (IDA & IBRD countries),TEA,1980,1341328073
East Asia & Pacific (IDA & IBRD countries),TEA,1981,1362159945
East Asia & Pacific (IDA & IBRD countries),TEA,1982,1385232730
East Asia & Pacific (IDA & IBRD countries),TEA,1983,1408390228
East Asia & Pacific (IDA & IBRD countries),TEA,1984,1430515138
East Asia & Pacific (IDA & IBRD countries),TEA,1985,1453475988
East Asia & Pacific (IDA & IBRD countries),TEA,1986,1478163226
East Asia & Pacific (IDA & IBRD countries),TEA,1987,1504452906
East Asia & Pacific (IDA & IBRD countries),TEA,1988,1531050837
East Asia & Pacific (IDA & IBRD countries),TEA,1989,1556971773
East Asia & Pacific (IDA & IBRD countries),TEA,1990,1582008622
East Asia & Pacific (IDA & IBRD countries),TEA,1991,1605931102
East Asia & Pacific (IDA & IBRD countries),TEA,1992,1628282963
East Asia & Pacific (IDA & IBRD countries),TEA,1993,1649805506
East Asia & Pacific (IDA & IBRD countries),TEA,1994,1671218210
East Asia & Pacific (IDA & IBRD countries),TEA,1995,1692280431
East Asia & Pacific (IDA & IBRD countries),TEA,1996,1713057144
East Asia & Pacific (IDA & IBRD countries),TEA,1997,1733683046
East Asia & Pacific (IDA & IBRD countries),TEA,1998,1753650434
East Asia & Pacific (IDA & IBRD countries),TEA,1999,1772519122
East Asia & Pacific (IDA & IBRD countries),TEA,2000,1790334133
East Asia & Pacific (IDA & IBRD countries),TEA,2001,1807343753
East Asia & Pacific (IDA & IBRD countries),TEA,2002,1823578257
East Asia & Pacific (IDA & IBRD countries),TEA,2003,1839213961
East Asia & Pacific (IDA & IBRD countries),TEA,2004,1854486630
East Asia & Pacific (IDA & IBRD countries),TEA,2005,1869631076
East Asia & Pacific (IDA & IBRD countries),TEA,2006,1884292297
East Asia & Pacific (IDA & IBRD countries),TEA,2007,1898416530
East Asia & Pacific (IDA & IBRD countries),TEA,2008,1912402987
East Asia & Pacific (IDA & IBRD countries),TEA,2009,1926269218
East Asia & Pacific (IDA & IBRD countries),TEA,2010,1940064830
East Asia & Pacific (IDA & IBRD countries),TEA,2011,1953970563
East Asia & Pacific (IDA & IBRD countries),TEA,2012,1968120178
East Asia & Pacific (IDA & IBRD countries),TEA,2013,1982414412
East Asia & Pacific (IDA & IBRD countries),TEA,2014,1996870376
East Asia & Pacific (IDA & IBRD countries),TEA,2015,2011274432
East Asia & Pacific (IDA & IBRD countries),TEA,2016,2026028438
Europe & Central Asia,ECS,1960,667246384
Europe & Central Asia,ECS,1961,674972972
Europe & Central Asia,ECS,1962,682938669
Europe & Central Asia,ECS,1963,690962675
Europe & Central Asia,ECS,1964,698905664
Europe & Central Asia,ECS,1965,706609007
Europe & Central Asia,ECS,1966,713341112
Europe & Central Asia,ECS,1967,719879789
Europe & Central Asia,ECS,1968,726161895
Europe & Central Asia,ECS,1969,732317863
Europe & Central Asia,ECS,1970,737948178
Europe & Central Asia,ECS,1971,743607439
Europe & Central Asia,ECS,1972,749815857
Europe & Central Asia,ECS,1973,755867961
Europe & Central Asia,ECS,1974,761701324
Europe & Central Asia,ECS,1975,767332578
Europe & Central Asia,ECS,1976,772838318
Europe & Central Asia,ECS,1977,778094845
Europe & Central Asia,ECS,1978,783298994
Europe & Central Asia,ECS,1979,788525199
Europe & Central Asia,ECS,1980,793937090
Europe & Central Asia,ECS,1981,799215272
Europe & Central Asia,ECS,1982,803972967
Europe & Central Asia,ECS,1983,808524728
Europe & Central Asia,ECS,1984,813281381
Europe & Central Asia,ECS,1985,818146882
Europe & Central Asia,ECS,1986,823155058
Europe & Central Asia,ECS,1987,828213790
Europe & Central Asia,ECS,1988,833315236
Europe & Central Asia,ECS,1989,838462813
Europe & Central Asia,ECS,1990,842848473
Europe & Central Asia,ECS,1991,846178277
Europe & Central Asia,ECS,1992,849656744
Europe & Central Asia,ECS,1993,852762014
Europe & Central Asia,ECS,1994,854723057
Europe & Central Asia,ECS,1995,856352861
Europe & Central Asia,ECS,1996,857652703
Europe & Central Asia,ECS,1997,859112727
Europe & Central Asia,ECS,1998,860236344
Europe & Central Asia,ECS,1999,861380105
Europe & Central Asia,ECS,2000,862304084
Europe & Central Asia,ECS,2001,863615633
Europe & Central Asia,ECS,2002,865196877
Europe & Central Asia,ECS,2003,867457662
Europe & Central Asia,ECS,2004,870030758
Europe & Central Asia,ECS,2005,872661621
Europe & Central Asia,ECS,2006,875343230
Europe & Central Asia,ECS,2007,878465992
Europe & Central Asia,ECS,2008,881965816
Europe & Central Asia,ECS,2009,885591693
Europe & Central Asia,ECS,2010,889016221
Europe & Central Asia,ECS,2011,891094964
Europe & Central Asia,ECS,2012,894666669
Europe & Central Asia,ECS,2013,898855113
Europe & Central Asia,ECS,2014,903094668
Europe & Central Asia,ECS,2015,907424836
Europe & Central Asia,ECS,2016,911995305
Europe & Central Asia (excluding high income),ECA,1960,279087938
Europe & Central Asia (excluding high income),ECA,1961,283416986
Europe & Central Asia (excluding high income),ECA,1962,287761794
Europe & Central Asia (excluding high income),ECA,1963,292120322
Europe & Central Asia (excluding high income),ECA,1964,296463073
Europe & Central Asia (excluding high income),ECA,1965,300740822
Europe & Central Asia (excluding high income),ECA,1966,304356201
Europe & Central Asia (excluding high income),ECA,1967,308039772
Europe & Central Asia (excluding high income),ECA,1968,311636189
Europe & Central Asia (excluding high income),ECA,1969,315162240
Europe & Central Asia (excluding high income),ECA,1970,318699628
Europe & Central Asia (excluding high income),ECA,1971,322234890
Europe & Central Asia (excluding high income),ECA,1972,325762116
Europe & Central Asia (excluding high income),ECA,1973,329267807
Europe & Central Asia (excluding high income),ECA,1974,332789612
Europe & Central Asia (excluding high income),ECA,1975,336330171
Europe & Central Asia (excluding high income),ECA,1976,340024688
Europe & Central Asia (excluding high income),ECA,1977,343646223
Europe & Central Asia (excluding high income),ECA,1978,347250227
Europe & Central Asia (excluding high income),ECA,1979,350823401
Europe & Central Asia (excluding high income),ECA,1980,354494056
Europe & Central Asia (excluding high income),ECA,1981,358233804
Europe & Central Asia (excluding high income),ECA,1982,361802765
Europe & Central Asia (excluding high income),ECA,1983,365350752
Europe & Central Asia (excluding high income),ECA,1984,369141750
Europe & Central Asia (excluding high income),ECA,1985,372949384
Europe & Central Asia (excluding high income),ECA,1986,376730350
Europe & Central Asia (excluding high income),ECA,1987,380496651
Europe & Central Asia (excluding high income),ECA,1988,384146656
Europe & Central Asia (excluding high income),ECA,1989,387627353
Europe & Central Asia (excluding high income),ECA,1990,390207446
Europe & Central Asia (excluding high income),ECA,1991,391907109
Europe & Central Asia (excluding high income),ECA,1992,393481005
Europe & Central Asia (excluding high income),ECA,1993,394905543
Europe & Central Asia (excluding high income),ECA,1994,395568548
Europe & Central Asia (excluding high income),ECA,1995,396053579
Europe & Central Asia (excluding high income),ECA,1996,396285161
Europe & Central Asia (excluding high income),ECA,1997,396772932
Europe & Central Asia (excluding high income),ECA,1998,396999014
Europe & Central Asia (excluding high income),ECA,1999,397071924
Europe & Central Asia (excluding high income),ECA,2000,397083969
Europe & Central Asia (excluding high income),ECA,2001,396886165
Europe & Central Asia (excluding high income),ECA,2002,396574307
Europe & Central Asia (excluding high income),ECA,2003,396720391
Europe & Central Asia (excluding high income),ECA,2004,397064999
Europe & Central Asia (excluding high income),ECA,2005,397469492
Europe & Central Asia (excluding high income),ECA,2006,398011334
Europe & Central Asia (excluding high income),ECA,2007,398693705
Europe & Central Asia (excluding high income),ECA,2008,399739094
Europe & Central Asia (excluding high income),ECA,2009,401472949
Europe & Central Asia (excluding high income),ECA,2010,403470694
Europe & Central Asia (excluding high income),ECA,2011,405521953
Europe & Central Asia (excluding high income),ECA,2012,407706585
Europe & Central Asia (excluding high income),ECA,2013,410126644
Europe & Central Asia (excluding high income),ECA,2014,412510951
Europe & Central Asia (excluding high income),ECA,2015,414975737
Europe & Central Asia (excluding high income),ECA,2016,417424643
Europe & Central Asia (IDA & IBRD countries),TEC,1960,308725388
Europe & Central Asia (IDA & IBRD countries),TEC,1961,313380986
Europe & Central Asia (IDA & IBRD countries),TEC,1962,318070294
Europe & Central Asia (IDA & IBRD countries),TEC,1963,322832322
Europe & Central Asia (IDA & IBRD countries),TEC,1964,327602523
Europe & Central Asia (IDA & IBRD countries),TEC,1965,332185772
Europe & Central Asia (IDA & IBRD countries),TEC,1966,336037201
Europe & Central Asia (IDA & IBRD countries),TEC,1967,340026927
Europe & Central Asia (IDA & IBRD countries),TEC,1968,343930844
Europe & Central Asia (IDA & IBRD countries),TEC,1969,347710540
Europe & Central Asia (IDA & IBRD countries),TEC,1970,351363928
Europe & Central Asia (IDA & IBRD countries),TEC,1971,355018390
Europe & Central Asia (IDA & IBRD countries),TEC,1972,358817766
Europe & Central Asia (IDA & IBRD countries),TEC,1973,362625007
Europe & Central Asia (IDA & IBRD countries),TEC,1974,366468511
Europe & Central Asia (IDA & IBRD countries),TEC,1975,370345370
Europe & Central Asia (IDA & IBRD countries),TEC,1976,374380988
Europe & Central Asia (IDA & IBRD countries),TEC,1977,378335273
Europe & Central Asia (IDA & IBRD countries),TEC,1978,382215827
Europe & Central Asia (IDA & IBRD countries),TEC,1979,386070618
Europe & Central Asia (IDA & IBRD countries),TEC,1980,390068206
Europe & Central Asia (IDA & IBRD countries),TEC,1981,394132391
Europe & Central Asia (IDA & IBRD countries),TEC,1982,398033246
Europe & Central Asia (IDA & IBRD countries),TEC,1983,401922560
Europe & Central Asia (IDA & IBRD countries),TEC,1984,406045884
Europe & Central Asia (IDA & IBRD countries),TEC,1985,410151269
Europe & Central Asia (IDA & IBRD countries),TEC,1986,414186469
Europe & Central Asia (IDA & IBRD countries),TEC,1987,418164696
Europe & Central Asia (IDA & IBRD countries),TEC,1988,421971143
Europe & Central Asia (IDA & IBRD countries),TEC,1989,425588882
Europe & Central Asia (IDA & IBRD countries),TEC,1990,428318228
Europe & Central Asia (IDA & IBRD countries),TEC,1991,430153302
Europe & Central Asia (IDA & IBRD countries),TEC,1992,431844672
Europe & Central Asia (IDA & IBRD countries),TEC,1993,433366951
Europe & Central Asia (IDA & IBRD countries),TEC,1994,434111200
Europe & Central Asia (IDA & IBRD countries),TEC,1995,434648577
Europe & Central Asia (IDA & IBRD countries),TEC,1996,434909531
Europe & Central Asia (IDA & IBRD countries),TEC,1997,435422592
Europe & Central Asia (IDA & IBRD countries),TEC,1998,435662495
Europe & Central Asia (IDA & IBRD countries),TEC,1999,435732195
Europe & Central Asia (IDA & IBRD countries),TEC,2000,435342598
Europe & Central Asia (IDA & IBRD countries),TEC,2001,435134241
Europe & Central Asia (IDA & IBRD countries),TEC,2002,434804671
Europe & Central Asia (IDA & IBRD countries),TEC,2003,434924961
Europe & Central Asia (IDA & IBRD countries),TEC,2004,435247221
Europe & Central Asia (IDA & IBRD countries),TEC,2005,435634937
Europe & Central Asia (IDA & IBRD countries),TEC,2006,436152601
Europe & Central Asia (IDA & IBRD countries),TEC,2007,436814265
Europe & Central Asia (IDA & IBRD countries),TEC,2008,437864853
Europe & Central Asia (IDA & IBRD countries),TEC,2009,439624552
Europe & Central Asia (IDA & IBRD countries),TEC,2010,441513488
Europe & Central Asia (IDA & IBRD countries),TEC,2011,443585208
Europe & Central Asia (IDA & IBRD countries),TEC,2012,445769749
Europe & Central Asia (IDA & IBRD countries),TEC,2013,448166840
Europe & Central Asia (IDA & IBRD countries),TEC,2014,450522686
Europe & Central Asia (IDA & IBRD countries),TEC,2015,452962149
Europe & Central Asia (IDA & IBRD countries),TEC,2016,455372659
European Union,EUU,1960,409498463
European Union,EUU,1961,413007006
European Union,EUU,1962,416670637
European Union,EUU,1963,420393293
European Union,EUU,1964,424075858
European Union,EUU,1965,427592605
European Union,EUU,1966,430868372
European Union,EUU,1967,434001556
European Union,EUU,1968,436916059
European Union,EUU,1969,439730656
European Union,EUU,1970,442062266
European Union,EUU,1971,444400996
European Union,EUU,1972,447253578
European Union,EUU,1973,449960637
European Union,EUU,1974,452475893
European Union,EUU,1975,454865483
European Union,EUU,1976,457001001
European Union,EUU,1977,458888174
European Union,EUU,1978,460699315
European Union,EUU,1979,462488540
European Union,EUU,1980,464392913
European Union,EUU,1981,466099879
European Union,EUU,1982,467389436
European Union,EUU,1983,468468840
European Union,EUU,1984,469501597
European Union,EUU,1985,470637754
European Union,EUU,1986,471937316
European Union,EUU,1987,473284093
European Union,EUU,1988,474792549
European Union,EUU,1989,476392094
European Union,EUU,1990,478005307
European Union,EUU,1991,478976406
European Union,EUU,1992,480438473
European Union,EUU,1993,482099284
European Union,EUU,1994,483262847
European Union,EUU,1995,484271345
European Union,EUU,1996,485000714
European Union,EUU,1997,485892088
European Union,EUU,1998,486565874
European Union,EUU,1999,487539363
European Union,EUU,2000,488178830
European Union,EUU,2001,489155666
European Union,EUU,2002,490390251
European Union,EUU,2003,492200115
European Union,EUU,2004,494162545
European Union,EUU,2005,496115011
European Union,EUU,2006,497973707
European Union,EUU,2007,499916649
European Union,EUU,2008,501808478
European Union,EUU,2009,503317964
European Union,EUU,2010,504421131
European Union,EUU,2011,504012082
European Union,EUU,2012,505104334
European Union,EUU,2013,506592457
European Union,EUU,2014,508157247
European Union,EUU,2015,509703315
European Union,EUU,2016,511497415
Latin America & Caribbean,LCN,1960,220434162
Latin America & Caribbean,LCN,1961,226564269
Latin America & Caribbean,LCN,1962,232898623
Latin America & Caribbean,LCN,1963,239400168
Latin America & Caribbean,LCN,1964,246016868
Latin America & Caribbean,LCN,1965,252710810
Latin America & Caribbean,LCN,1966,259469769
Latin America & Caribbean,LCN,1967,266297580
Latin America & Caribbean,LCN,1968,273207936
Latin America & Caribbean,LCN,1969,280224095
Latin America & Caribbean,LCN,1970,287360913
Latin America & Caribbean,LCN,1971,294620200
Latin America & Caribbean,LCN,1972,301984111
Latin America & Caribbean,LCN,1973,309446838
Latin America & Caribbean,LCN,1974,316987705
Latin America & Caribbean,LCN,1975,324590353
Latin America & Caribbean,LCN,1976,332247634
Latin America & Caribbean,LCN,1977,339956216
Latin America & Caribbean,LCN,1978,347735376
Latin America & Caribbean,LCN,1979,355592928
Latin America & Caribbean,LCN,1980,363540795
Latin America & Caribbean,LCN,1981,371579141
Latin America & Caribbean,LCN,1982,379699615
Latin America & Caribbean,LCN,1983,387871825
Latin America & Caribbean,LCN,1984,396066751
Latin America & Caribbean,LCN,1985,404253008
Latin America & Caribbean,LCN,1986,412419260
Latin America & Caribbean,LCN,1987,420565926
Latin America & Caribbean,LCN,1988,428704815
Latin America & Caribbean,LCN,1989,436859090
Latin America & Caribbean,LCN,1990,445044474
Latin America & Caribbean,LCN,1991,453251622
Latin America & Caribbean,LCN,1992,461466818
Latin America & Caribbean,LCN,1993,469673464
Latin America & Caribbean,LCN,1994,477832466
Latin America & Caribbean,LCN,1995,485913137
Latin America & Caribbean,LCN,1996,493920486
Latin America & Caribbean,LCN,1997,501837818
Latin America & Caribbean,LCN,1998,509664955
Latin America & Caribbean,LCN,1999,517324341
Latin America & Caribbean,LCN,2000,524829248
Latin America & Caribbean,LCN,2001,532173135
Latin America & Caribbean,LCN,2002,539373531
Latin America & Caribbean,LCN,2003,546480559
Latin America & Caribbean,LCN,2004,553565401
Latin America & Caribbean,LCN,2005,560677294
Latin America & Caribbean,LCN,2006,567825874
Latin America & Caribbean,LCN,2007,574999132
Latin America & Caribbean,LCN,2008,582185012
Latin America & Caribbean,LCN,2009,589352524
Latin America & Caribbean,LCN,2010,596477846
Latin America & Caribbean,LCN,2011,603534610
Latin America & Caribbean,LCN,2012,610545003
Latin America & Caribbean,LCN,2013,617492351
Latin America & Caribbean,LCN,2014,624331830
Latin America & Caribbean,LCN,2015,631058524
Latin America & Caribbean,LCN,2016,637664490
Latin America & Caribbean (excluding high income),LAC,1960,206288466
Latin America & Caribbean (excluding high income),LAC,1961,212141158
Latin America & Caribbean (excluding high income),LAC,1962,218187764
Latin America & Caribbean (excluding high income),LAC,1963,224397456
Latin America & Caribbean (excluding high income),LAC,1964,230726737
Latin America & Caribbean (excluding high income),LAC,1965,237143034
Latin America & Caribbean (excluding high income),LAC,1966,243633320
Latin America & Caribbean (excluding high income),LAC,1967,250203252
Latin America & Caribbean (excluding high income),LAC,1968,256861866
Latin America & Caribbean (excluding high income),LAC,1969,263625974
Latin America & Caribbean (excluding high income),LAC,1970,270506235
Latin America & Caribbean (excluding high income),LAC,1971,277502867
Latin America & Caribbean (excluding high income),LAC,1972,284605846
Latin America & Caribbean (excluding high income),LAC,1973,291803994
Latin America & Caribbean (excluding high income),LAC,1974,299082201
Latin America & Caribbean (excluding high income),LAC,1975,306429011
Latin America & Caribbean (excluding high income),LAC,1976,313835275
Latin America & Caribbean (excluding high income),LAC,1977,321300608
Latin America & Caribbean (excluding high income),LAC,1978,328832663
Latin America & Caribbean (excluding high income),LAC,1979,336443919
Latin America & Caribbean (excluding high income),LAC,1980,344140576
Latin America & Caribbean (excluding high income),LAC,1981,351924309
Latin America & Caribbean (excluding high income),LAC,1982,359782679
Latin America & Caribbean (excluding high income),LAC,1983,367690458
Latin America & Caribbean (excluding high income),LAC,1984,375614401
Latin America & Caribbean (excluding high income),LAC,1985,383529486
Latin America & Caribbean (excluding high income),LAC,1986,391419929
Latin America & Caribbean (excluding high income),LAC,1987,399287449
Latin America & Caribbean (excluding high income),LAC,1988,407145597
Latin America & Caribbean (excluding high income),LAC,1989,415016911
Latin America & Caribbean (excluding high income),LAC,1990,422914642
Latin America & Caribbean (excluding high income),LAC,1991,430838594
Latin America & Caribbean (excluding high income),LAC,1992,438771695
Latin America & Caribbean (excluding high income),LAC,1993,446689943
Latin America & Caribbean (excluding high income),LAC,1994,454561464
Latin America & Caribbean (excluding high income),LAC,1995,462360574
Latin America & Caribbean (excluding high income),LAC,1996,470084837
Latin America & Caribbean (excluding high income),LAC,1997,477732904
Latin America & Caribbean (excluding high income),LAC,1998,485282781
Latin America & Caribbean (excluding high income),LAC,1999,492708788
Latin America & Caribbean (excluding high income),LAC,2000,499996505
Latin America & Caribbean (excluding high income),LAC,2001,507131154
Latin America & Caribbean (excluding high income),LAC,2002,514126613
Latin America & Caribbean (excluding high income),LAC,2003,521033040
Latin America & Caribbean (excluding high income),LAC,2004,527919692
Latin America & Caribbean (excluding high income),LAC,2005,534836570
Latin America & Caribbean (excluding high income),LAC,2006,541798268
Latin America & Caribbean (excluding high income),LAC,2007,548789887
Latin America & Caribbean (excluding high income),LAC,2008,555795034
Latin America & Caribbean (excluding high income),LAC,2009,562785589
Latin America & Caribbean (excluding high income),LAC,2010,569737872
Latin America & Caribbean (excluding high income),LAC,2011,576648286
Latin America & Caribbean (excluding high income),LAC,2012,583515410
Latin America & Caribbean (excluding high income),LAC,2013,590319145
Latin America & Caribbean (excluding high income),LAC,2014,597035363
Latin America & Caribbean (excluding high income),LAC,2015,603644865
Latin America & Caribbean (excluding high income),LAC,2016,610136397
Latin America & the Caribbean (IDA & IBRD countries),TLA,1960,210357620
Latin America & the Caribbean (IDA & IBRD countries),TLA,1961,216285875
Latin America & the Caribbean (IDA & IBRD countries),TLA,1962,222396518
Latin America & the Caribbean (IDA & IBRD countries),TLA,1963,228663034
Latin America & the Caribbean (IDA & IBRD countries),TLA,1964,235048548
Latin America & the Caribbean (IDA & IBRD countries),TLA,1965,241525127
Latin America & the Caribbean (IDA & IBRD countries),TLA,1966,248082224
Latin America & the Caribbean (IDA & IBRD countries),TLA,1967,254723773
Latin America & the Caribbean (IDA & IBRD countries),TLA,1968,261454660
Latin America & the Caribbean (IDA & IBRD countries),TLA,1969,268285362
Latin America & the Caribbean (IDA & IBRD countries),TLA,1970,275222756
Latin America & the Caribbean (IDA & IBRD countries),TLA,1971,282265414
Latin America & the Caribbean (IDA & IBRD countries),TLA,1972,289406786
Latin America & the Caribbean (IDA & IBRD countries),TLA,1973,296643292
Latin America & the Caribbean (IDA & IBRD countries),TLA,1974,303970215
Latin America & the Caribbean (IDA & IBRD countries),TLA,1975,311383650
Latin America & the Caribbean (IDA & IBRD countries),TLA,1976,318876360
Latin America & the Caribbean (IDA & IBRD countries),TLA,1977,326446030
Latin America & the Caribbean (IDA & IBRD countries),TLA,1978,334099163
Latin America & the Caribbean (IDA & IBRD countries),TLA,1979,341845707
Latin America & the Caribbean (IDA & IBRD countries),TLA,1980,349689363
Latin America & the Caribbean (IDA & IBRD countries),TLA,1981,357632874
Latin America & the Caribbean (IDA & IBRD countries),TLA,1982,365662995
Latin America & the Caribbean (IDA & IBRD countries),TLA,1983,373747579
Latin America & the Caribbean (IDA & IBRD countries),TLA,1984,381844359
Latin America & the Caribbean (IDA & IBRD countries),TLA,1985,389922156
Latin America & the Caribbean (IDA & IBRD countries),TLA,1986,397961545
Latin America & the Caribbean (IDA & IBRD countries),TLA,1987,405966436
Latin America & the Caribbean (IDA & IBRD countries),TLA,1988,413957171
Latin America & the Caribbean (IDA & IBRD countries),TLA,1989,421966286
Latin America & the Caribbean (IDA & IBRD countries),TLA,1990,430014112
Latin America & the Caribbean (IDA & IBRD countries),TLA,1991,438102530
Latin America & the Caribbean (IDA & IBRD countries),TLA,1992,446211495
Latin America & the Caribbean (IDA & IBRD countries),TLA,1993,454312822
Latin America & the Caribbean (IDA & IBRD countries),TLA,1994,462368285
Latin America & the Caribbean (IDA & IBRD countries),TLA,1995,470347459
Latin America & the Caribbean (IDA & IBRD countries),TLA,1996,478247051
Latin America & the Caribbean (IDA & IBRD countries),TLA,1997,486067029
Latin America & the Caribbean (IDA & IBRD countries),TLA,1998,493785288
Latin America & the Caribbean (IDA & IBRD countries),TLA,1999,501376484
Latin America & the Caribbean (IDA & IBRD countries),TLA,2000,508826710
Latin America & the Caribbean (IDA & IBRD countries),TLA,2001,516120111
Latin America & the Caribbean (IDA & IBRD countries),TLA,2002,523270767
Latin America & the Caribbean (IDA & IBRD countries),TLA,2003,530331985
Latin America & the Caribbean (IDA & IBRD countries),TLA,2004,537377388
Latin America & the Caribbean (IDA & IBRD countries),TLA,2005,544459791
Latin America & the Caribbean (IDA & IBRD countries),TLA,2006,551595525
Latin America & the Caribbean (IDA & IBRD countries),TLA,2007,558768052
Latin America & the Caribbean (IDA & IBRD countries),TLA,2008,565956228
Latin America & the Caribbean (IDA & IBRD countries),TLA,2009,573125269
Latin America & the Caribbean (IDA & IBRD countries),TLA,2010,580246796
Latin America & the Caribbean (IDA & IBRD countries),TLA,2011,587315129
Latin America & the Caribbean (IDA & IBRD countries),TLA,2012,594330743
Latin America & the Caribbean (IDA & IBRD countries),TLA,2013,601277206
Latin America & the Caribbean (IDA & IBRD countries),TLA,2014,608136047
Latin America & the Caribbean (IDA & IBRD countries),TLA,2015,614891969
Latin America & the Caribbean (IDA & IBRD countries),TLA,2016,621534921
Middle East & North Africa,MEA,1960,105488678
Middle East & North Africa,MEA,1961,108374227
Middle East & North Africa,MEA,1962,111385940
Middle East & North Africa,MEA,1963,114471415
Middle East & North Africa,MEA,1964,117671617
Middle East & North Africa,MEA,1965,120973578
Middle East & North Africa,MEA,1966,124374455
Middle East & North Africa,MEA,1967,127947266
Middle East & North Africa,MEA,1968,131566224
Middle East & North Africa,MEA,1969,135279930
Middle East & North Africa,MEA,1970,139083819
Middle East & North Africa,MEA,1971,142950993
Middle East & North Africa,MEA,1972,146887303
Middle East & North Africa,MEA,1973,150999871
Middle East & North Africa,MEA,1974,155259901
Middle East & North Africa,MEA,1975,159722643
Middle East & North Africa,MEA,1976,164407528
Middle East & North Africa,MEA,1977,169318424
Middle East & North Africa,MEA,1978,174493349
Middle East & North Africa,MEA,1979,180000521
Middle East & North Africa,MEA,1980,185843847
Middle East & North Africa,MEA,1981,192015875
Middle East & North Africa,MEA,1982,198499602
Middle East & North Africa,MEA,1983,205229901
Middle East & North Africa,MEA,1984,212102793
Middle East & North Africa,MEA,1985,219095273
Middle East & North Africa,MEA,1986,226161475
Middle East & North Africa,MEA,1987,233285188
Middle East & North Africa,MEA,1988,240367135
Middle East & North Africa,MEA,1989,247283550
Middle East & North Africa,MEA,1990,255989130
Middle East & North Africa,MEA,1991,262659662
Middle East & North Africa,MEA,1992,267020622
Middle East & North Africa,MEA,1993,273204804
Middle East & North Africa,MEA,1994,279279333
Middle East & North Africa,MEA,1995,286917385
Middle East & North Africa,MEA,1996,292934005
Middle East & North Africa,MEA,1997,298982946
Middle East & North Africa,MEA,1998,305001541
Middle East & North Africa,MEA,1999,311053183
Middle East & North Africa,MEA,2000,317129227
Middle East & North Africa,MEA,2001,323196354
Middle East & North Africa,MEA,2002,329289435
Middle East & North Africa,MEA,2003,335522845
Middle East & North Africa,MEA,2004,342046777
Middle East & North Africa,MEA,2005,348956287
Middle East & North Africa,MEA,2006,356287693
Middle East & North Africa,MEA,2007,363996317
Middle East & North Africa,MEA,2008,371999662
Middle East & North Africa,MEA,2009,380192587
Middle East & North Africa,MEA,2010,388376106
Middle East & North Africa,MEA,2011,396573248
Middle East & North Africa,MEA,2012,404782447
Middle East & North Africa,MEA,2013,412950407
Middle East & North Africa,MEA,2014,421022841
Middle East & North Africa,MEA,2015,428961724
Middle East & North Africa,MEA,2016,436720722
Middle East & North Africa (excluding high income),MNA,1960,97837766
Middle East & North Africa (excluding high income),MNA,1961,100458479
Middle East & North Africa (excluding high income),MNA,1962,103147177
Middle East & North Africa (excluding high income),MNA,1963,105914391
Middle East & North Africa (excluding high income),MNA,1964,108774858
Middle East & North Africa (excluding high income),MNA,1965,111738154
Middle East & North Africa (excluding high income),MNA,1966,114816087
Middle East & North Africa (excluding high income),MNA,1967,118004103
Middle East & North Africa (excluding high income),MNA,1968,121276296
Middle East & North Africa (excluding high income),MNA,1969,124596411
Middle East & North Africa (excluding high income),MNA,1970,127942543
Middle East & North Africa (excluding high income),MNA,1971,131309640
Middle East & North Africa (excluding high income),MNA,1972,134719523
Middle East & North Africa (excluding high income),MNA,1973,138211123
Middle East & North Africa (excluding high income),MNA,1974,141837810
Middle East & North Africa (excluding high income),MNA,1975,145642454
Middle East & North Africa (excluding high income),MNA,1976,149628962
Middle East & North Africa (excluding high income),MNA,1977,153798274
Middle East & North Africa (excluding high income),MNA,1978,158185098
Middle East & North Africa (excluding high income),MNA,1979,162829871
Middle East & North Africa (excluding high income),MNA,1980,167755859
Middle East & North Africa (excluding high income),MNA,1981,172967490
Middle East & North Africa (excluding high income),MNA,1982,178440308
Middle East & North Africa (excluding high income),MNA,1983,184129812
Middle East & North Africa (excluding high income),MNA,1984,189974163
Middle East & North Africa (excluding high income),MNA,1985,195917732
Middle East & North Africa (excluding high income),MNA,1986,201950420
Middle East & North Africa (excluding high income),MNA,1987,208051337
Middle East & North Africa (excluding high income),MNA,1988,214140741
Middle East & North Africa (excluding high income),MNA,1989,220121789
Middle East & North Africa (excluding high income),MNA,1990,227903820
Middle East & North Africa (excluding high income),MNA,1991,233582274
Middle East & North Africa (excluding high income),MNA,1992,239062651
Middle East & North Africa (excluding high income),MNA,1993,244395451
Middle East & North Africa (excluding high income),MNA,1994,249660649
Middle East & North Africa (excluding high income),MNA,1995,254918217
Middle East & North Africa (excluding high income),MNA,1996,260190124
Middle East & North Africa (excluding high income),MNA,1997,265463944
Middle East & North Africa (excluding high income),MNA,1998,270672291
Middle East & North Africa (excluding high income),MNA,1999,275840061
Middle East & North Africa (excluding high income),MNA,2000,280955290
Middle East & North Africa (excluding high income),MNA,2001,286016125
Middle East & North Africa (excluding high income),MNA,2002,291051001
Middle East & North Africa (excluding high income),MNA,2003,296114536
Middle East & North Africa (excluding high income),MNA,2004,301278295
Middle East & North Africa (excluding high income),MNA,2005,306595214
Middle East & North Africa (excluding high income),MNA,2006,312079307
Middle East & North Africa (excluding high income),MNA,2007,317721161
Middle East & North Africa (excluding high income),MNA,2008,323531149
Middle East & North Africa (excluding high income),MNA,2009,329488935
Middle East & North Africa (excluding high income),MNA,2010,335581557
Middle East & North Africa (excluding high income),MNA,2011,341822043
Middle East & North Africa (excluding high income),MNA,2012,348195697
Middle East & North Africa (excluding high income),MNA,2013,354641044
Middle East & North Africa (excluding high income),MNA,2014,361077997
Middle East & North Africa (excluding high income),MNA,2015,367449306
Middle East & North Africa (excluding high income),MNA,2016,373719055
Middle East & North Africa (IDA & IBRD countries),TMN,1960,97837766
Middle East & North Africa (IDA & IBRD countries),TMN,1961,100458479
Middle East & North Africa (IDA & IBRD countries),TMN,1962,103147177
Middle East & North Africa (IDA & IBRD countries),TMN,1963,105914391
Middle East & North Africa (IDA & IBRD countries),TMN,1964,108774858
Middle East & North Africa (IDA & IBRD countries),TMN,1965,111738154
Middle East & North Africa (IDA & IBRD countries),TMN,1966,114816087
Middle East & North Africa (IDA & IBRD countries),TMN,1967,118004103
Middle East & North Africa (IDA & IBRD countries),TMN,1968,121276296
Middle East & North Africa (IDA & IBRD countries),TMN,1969,124596411
Middle East & North Africa (IDA & IBRD countries),TMN,1970,127942543
Middle East & North Africa (IDA & IBRD countries),TMN,1971,131309640
Middle East & North Africa (IDA & IBRD countries),TMN,1972,134719523
Middle East & North Africa (IDA & IBRD countries),TMN,1973,138211123
Middle East & North Africa (IDA & IBRD countries),TMN,1974,141837810
Middle East & North Africa (IDA & IBRD countries),TMN,1975,145642454
Middle East & North Africa (IDA & IBRD countries),TMN,1976,149628962
Middle East & North Africa (IDA & IBRD countries),TMN,1977,153798274
Middle East & North Africa (IDA & IBRD countries),TMN,1978,158185098
Middle East & North Africa (IDA & IBRD countries),TMN,1979,162829871
Middle East & North Africa (IDA & IBRD countries),TMN,1980,167755859
Middle East & North Africa (IDA & IBRD countries),TMN,1981,172967490
Middle East & North Africa (IDA & IBRD countries),TMN,1982,178440308
Middle East & North Africa (IDA & IBRD countries),TMN,1983,184129812
Middle East & North Africa (IDA & IBRD countries),TMN,1984,189974163
Middle East & North Africa (IDA & IBRD countries),TMN,1985,195917732
Middle East & North Africa (IDA & IBRD countries),TMN,1986,201950420
Middle East & North Africa (IDA & IBRD countries),TMN,1987,208051337
Middle East & North Africa (IDA & IBRD countries),TMN,1988,214140741
Middle East & North Africa (IDA & IBRD countries),TMN,1989,220121789
Middle East & North Africa (IDA & IBRD countries),TMN,1990,225925572
Middle East & North Africa (IDA & IBRD countries),TMN,1991,231513429
Middle East & North Africa (IDA & IBRD countries),TMN,1992,236899060
Middle East & North Africa (IDA & IBRD countries),TMN,1993,242132775
Middle East & North Africa (IDA & IBRD countries),TMN,1994,247294351
Middle East & North Africa (IDA & IBRD countries),TMN,1995,252443551
Middle East & North Africa (IDA & IBRD countries),TMN,1996,257602127
Middle East & North Africa (IDA & IBRD countries),TMN,1997,262757426
Middle East & North Africa (IDA & IBRD countries),TMN,1998,267895723
Middle East & North Africa (IDA & IBRD countries),TMN,1999,272991630
Middle East & North Africa (IDA & IBRD countries),TMN,2000,278033137
Middle East & North Africa (IDA & IBRD countries),TMN,2001,283018341
Middle East & North Africa (IDA & IBRD countries),TMN,2002,287975628
Middle East & North Africa (IDA & IBRD countries),TMN,2003,292959567
Middle East & North Africa (IDA & IBRD countries),TMN,2004,298041669
Middle East & North Africa (IDA & IBRD countries),TMN,2005,303274818
Middle East & North Africa (IDA & IBRD countries),TMN,2006,308672973
Middle East & North Africa (IDA & IBRD countries),TMN,2007,314226665
Middle East & North Africa (IDA & IBRD countries),TMN,2008,319934461
Middle East & North Africa (IDA & IBRD countries),TMN,2009,325786717
Middle East & North Africa (IDA & IBRD countries),TMN,2010,331770455
Middle East & North Africa (IDA & IBRD countries),TMN,2011,337894992
Middle East & North Africa (IDA & IBRD countries),TMN,2012,344148796
Middle East & North Africa (IDA & IBRD countries),TMN,2013,350471538
Middle East & North Africa (IDA & IBRD countries),TMN,2014,356783315
Middle East & North Africa (IDA & IBRD countries),TMN,2015,363027163
Middle East & North Africa (IDA & IBRD countries),TMN,2016,369167489
North America,NAC,1960,198624409
North America,NAC,1961,202007500
North America,NAC,1962,205198600
North America,NAC,1963,208253700
North America,NAC,1964,211262900
North America,NAC,1965,214031100
North America,NAC,1966,216659000
North America,NAC,1967,219176000
North America,NAC,1968,221503000
North America,NAC,1969,223759000
North America,NAC,1970,226431000
North America,NAC,1971,229361135
North America,NAC,1972,231943831
North America,NAC,1973,234332208
North America,NAC,1974,236681487
North America,NAC,1975,239235000
North America,NAC,1976,241606200
North America,NAC,1977,244088400
North America,NAC,1978,246674600
North America,NAC,1979,249385800
North America,NAC,1980,251872670
North America,NAC,1981,254421050
North America,NAC,1982,256921449
North America,NAC,1983,259303930
North America,NAC,1984,261583423
North America,NAC,1985,263922898
North America,NAC,1986,266394382
North America,NAC,1987,268896849
North America,NAC,1988,271452347
North America,NAC,1989,274256841
North America,NAC,1990,277473326
North America,NAC,1991,281211703
North America,NAC,1992,285092192
North America,NAC,1993,288811320
North America,NAC,1994,292297226
North America,NAC,1995,295691746
North America,NAC,1996,299126029
North America,NAC,1997,302704697
North America,NAC,1998,306162843
North America,NAC,1999,309600485
North America,NAC,2000,312993944
North America,NAC,2001,316113359
North America,NAC,2002,319050105
North America,NAC,2003,321847258
North America,NAC,2004,324864038
North America,NAC,2005,327892753
North America,NAC,2006,331014940
North America,NAC,2007,334184023
North America,NAC,2008,337405012
North America,NAC,2009,340465736
North America,NAC,2010,343418591
North America,NAC,2011,346070702
North America,NAC,2012,348813722
North America,NAC,2013,351425360
North America,NAC,2014,354173159
North America,NAC,2015,356810463
North America,NAC,2016,359479269
South Asia,SAS,1960,571857185
South Asia,SAS,1961,583950448
South Asia,SAS,1962,596504751
South Asia,SAS,1963,609376285
South Asia,SAS,1964,622875636
South Asia,SAS,1965,636754992
South Asia,SAS,1966,651094669
South Asia,SAS,1967,665871993
South Asia,SAS,1968,681109271
South Asia,SAS,1969,696734230
South Asia,SAS,1970,712769163
South Asia,SAS,1971,729115720
South Asia,SAS,1972,745871099
South Asia,SAS,1973,763149474
South Asia,SAS,1974,780922591
South Asia,SAS,1975,799294145
South Asia,SAS,1976,818264619
South Asia,SAS,1977,837811015
South Asia,SAS,1978,857934480
South Asia,SAS,1979,878616424
South Asia,SAS,1980,899787611
South Asia,SAS,1981,921270524
South Asia,SAS,1982,943375098
South Asia,SAS,1983,965905841
South Asia,SAS,1984,988820543
South Asia,SAS,1985,1012080845
South Asia,SAS,1986,1035652813
South Asia,SAS,1987,1059520266
South Asia,SAS,1988,1083674191
South Asia,SAS,1989,1108116731
South Asia,SAS,1990,1132832536
South Asia,SAS,1991,1157821722
South Asia,SAS,1992,1183034707
South Asia,SAS,1993,1208411907
South Asia,SAS,1994,1233869424
South Asia,SAS,1995,1259358616
South Asia,SAS,1996,1284818746
South Asia,SAS,1997,1310234107
South Asia,SAS,1998,1335633730
South Asia,SAS,1999,1361053702
South Asia,SAS,2000,1386504523
South Asia,SAS,2001,1411993292
South Asia,SAS,2002,1437450586
South Asia,SAS,2003,1462776158
South Asia,SAS,2004,1487832276
South Asia,SAS,2005,1512521166
South Asia,SAS,2006,1536799012
South Asia,SAS,2007,1560689001
South Asia,SAS,2008,1584247163
South Asia,SAS,2009,1607562312
South Asia,SAS,2010,1630729920
South Asia,SAS,2011,1653756466
South Asia,SAS,2012,1676614288
South Asia,SAS,2013,1699306053
South Asia,SAS,2014,1721840539
South Asia,SAS,2015,1744190704
South Asia,SAS,2016,1766383450
South Asia (IDA & IBRD),TSA,1960,571857185
South Asia (IDA & IBRD),TSA,1961,583950448
South Asia (IDA & IBRD),TSA,1962,596504751
South Asia (IDA & IBRD),TSA,1963,609376285
South Asia (IDA & IBRD),TSA,1964,622875636
South Asia (IDA & IBRD),TSA,1965,636754992
South Asia (IDA & IBRD),TSA,1966,651094669
South Asia (IDA & IBRD),TSA,1967,665871993
South Asia (IDA & IBRD),TSA,1968,681109271
South Asia (IDA & IBRD),TSA,1969,696734230
South Asia (IDA & IBRD),TSA,1970,712769163
South Asia (IDA & IBRD),TSA,1971,729115720
South Asia (IDA & IBRD),TSA,1972,745871099
South Asia (IDA & IBRD),TSA,1973,763149474
South Asia (IDA & IBRD),TSA,1974,780922591
South Asia (IDA & IBRD),TSA,1975,799294145
South Asia (IDA & IBRD),TSA,1976,818264619
South Asia (IDA & IBRD),TSA,1977,837811015
South Asia (IDA & IBRD),TSA,1978,857934480
South Asia (IDA & IBRD),TSA,1979,878616424
South Asia (IDA & IBRD),TSA,1980,899787611
South Asia (IDA & IBRD),TSA,1981,921270524
South Asia (IDA & IBRD),TSA,1982,943375098
South Asia (IDA & IBRD),TSA,1983,965905841
South Asia (IDA & IBRD),TSA,1984,988820543
South Asia (IDA & IBRD),TSA,1985,1012080845
South Asia (IDA & IBRD),TSA,1986,1035652813
South Asia (IDA & IBRD),TSA,1987,1059520266
South Asia (IDA & IBRD),TSA,1988,1083674191
South Asia (IDA & IBRD),TSA,1989,1108116731
South Asia (IDA & IBRD),TSA,1990,1132832536
South Asia (IDA & IBRD),TSA,1991,1157821722
South Asia (IDA & IBRD),TSA,1992,1183034707
South Asia (IDA & IBRD),TSA,1993,1208411907
South Asia (IDA & IBRD),TSA,1994,1233869424
South Asia (IDA & IBRD),TSA,1995,1259358616
South Asia (IDA & IBRD),TSA,1996,1284818746
South Asia (IDA & IBRD),TSA,1997,1310234107
South Asia (IDA & IBRD),TSA,1998,1335633730
South Asia (IDA & IBRD),TSA,1999,1361053702
South Asia (IDA & IBRD),TSA,2000,1386504523
South Asia (IDA & IBRD),TSA,2001,1411993292
South Asia (IDA & IBRD),TSA,2002,1437450586
South Asia (IDA & IBRD),TSA,2003,1462776158
South Asia (IDA & IBRD),TSA,2004,1487832276
South Asia (IDA & IBRD),TSA,2005,1512521166
South Asia (IDA & IBRD),TSA,2006,1536799012
South Asia (IDA & IBRD),TSA,2007,1560689001
South Asia (IDA & IBRD),TSA,2008,1584247163
South Asia (IDA & IBRD),TSA,2009,1607562312
South Asia (IDA & IBRD),TSA,2010,1630729920
South Asia (IDA & IBRD),TSA,2011,1653756466
South Asia (IDA & IBRD),TSA,2012,1676614288
South Asia (IDA & IBRD),TSA,2013,1699306053
South Asia (IDA & IBRD),TSA,2014,1721840539
South Asia (IDA & IBRD),TSA,2015,1744190704
South Asia (IDA & IBRD),TSA,2016,1766383450
Sub-Saharan Africa,SSF,1960,228525517
Sub-Saharan Africa,SSF,1961,233937952
Sub-Saharan Africa,SSF,1962,239567866
Sub-Saharan Africa,SSF,1963,245413930
Sub-Saharan Africa,SSF,1964,251471594
Sub-Saharan Africa,SSF,1965,257740253
Sub-Saharan Africa,SSF,1966,264224962
Sub-Saharan Africa,SSF,1967,270937271
Sub-Saharan Africa,SSF,1968,277891337
Sub-Saharan Africa,SSF,1969,285104267
Sub-Saharan Africa,SSF,1970,292592125
Sub-Saharan Africa,SSF,1971,300361016
Sub-Saharan Africa,SSF,1972,308419901
Sub-Saharan Africa,SSF,1973,316788972
Sub-Saharan Africa,SSF,1974,325493369
Sub-Saharan Africa,SSF,1975,334551330
Sub-Saharan Africa,SSF,1976,343972132
Sub-Saharan Africa,SSF,1977,353755617
Sub-Saharan Africa,SSF,1978,363892126
Sub-Saharan Africa,SSF,1979,374378752
Sub-Saharan Africa,SSF,1980,385201953
Sub-Saharan Africa,SSF,1981,396361476
Sub-Saharan Africa,SSF,1982,407857980
Sub-Saharan Africa,SSF,1983,419683723
Sub-Saharan Africa,SSF,1984,431834799
Sub-Saharan Africa,SSF,1985,444300924
Sub-Saharan Africa,SSF,1986,457078542
Sub-Saharan Africa,SSF,1987,470171799
Sub-Saharan Africa,SSF,1988,483582771
Sub-Saharan Africa,SSF,1989,497327000
Sub-Saharan Africa,SSF,1990,511410066
Sub-Saharan Africa,SSF,1991,525853526
Sub-Saharan Africa,SSF,1992,540652248
Sub-Saharan Africa,SSF,1993,555771276
Sub-Saharan Africa,SSF,1994,571168197
Sub-Saharan Africa,SSF,1995,586808269
Sub-Saharan Africa,SSF,1996,602697335
Sub-Saharan Africa,SSF,1997,618872438
Sub-Saharan Africa,SSF,1998,635394495
Sub-Saharan Africa,SSF,1999,652354818
Sub-Saharan Africa,SSF,2000,669818179
Sub-Saharan Africa,SSF,2001,687543926
Sub-Saharan Africa,SSF,2002,705929159.882872
Sub-Saharan Africa,SSF,2003,724910083.898927
Sub-Saharan Africa,SSF,2004,744542423.991372
Sub-Saharan Africa,SSF,2005,764866591.243966
Sub-Saharan Africa,SSF,2006,785905014.484987
Sub-Saharan Africa,SSF,2007,807656829.990929
Sub-Saharan Africa,SSF,2008,830111000.295534
Sub-Saharan Africa,SSF,2009,853238652.110201
Sub-Saharan Africa,SSF,2010,877023136.362228
Sub-Saharan Africa,SSF,2011,901455755.357816
Sub-Saharan Africa,SSF,2012,926548177.077234
Sub-Saharan Africa,SSF,2013,952278631.610082
Sub-Saharan Africa,SSF,2014,978625081.739162
Sub-Saharan Africa,SSF,2015,1005570800.68203
Sub-Saharan Africa,SSF,2016,1033106135
Sub-Saharan Africa (excluding high income),SSA,1960,228483817
Sub-Saharan Africa (excluding high income),SSA,1961,233895063
Sub-Saharan Africa (excluding high income),SSA,1962,239523824
Sub-Saharan Africa (excluding high income),SSA,1963,245368754
Sub-Saharan Africa (excluding high income),SSA,1964,251425272
Sub-Saharan Africa (excluding high income),SSA,1965,257692753
Sub-Saharan Africa (excluding high income),SSA,1966,264176263
Sub-Saharan Africa (excluding high income),SSA,1967,270887360
Sub-Saharan Africa (excluding high income),SSA,1968,277840203
Sub-Saharan Africa (excluding high income),SSA,1969,285051902
Sub-Saharan Africa (excluding high income),SSA,1970,292538525
Sub-Saharan Africa (excluding high income),SSA,1971,300306321
Sub-Saharan Africa (excluding high income),SSA,1972,308363872
Sub-Saharan Africa (excluding high income),SSA,1973,316732080
Sub-Saharan Africa (excluding high income),SSA,1974,325435432
Sub-Saharan Africa (excluding high income),SSA,1975,334492038
Sub-Saharan Africa (excluding high income),SSA,1976,343911628
Sub-Saharan Africa (excluding high income),SSA,1977,353693831
Sub-Saharan Africa (excluding high income),SSA,1978,363829976
Sub-Saharan Africa (excluding high income),SSA,1979,374316066
Sub-Saharan Africa (excluding high income),SSA,1980,385138692
Sub-Saharan Africa (excluding high income),SSA,1981,396297441
Sub-Saharan Africa (excluding high income),SSA,1982,407793567
Sub-Saharan Africa (excluding high income),SSA,1983,419619388
Sub-Saharan Africa (excluding high income),SSA,1984,431770082
Sub-Saharan Africa (excluding high income),SSA,1985,444235680
Sub-Saharan Africa (excluding high income),SSA,1986,457012890
Sub-Saharan Africa (excluding high income),SSA,1987,470103300
Sub-Saharan Africa (excluding high income),SSA,1988,483514016
Sub-Saharan Africa (excluding high income),SSA,1989,497257833
Sub-Saharan Africa (excluding high income),SSA,1990,511340559
Sub-Saharan Africa (excluding high income),SSA,1991,525783087
Sub-Saharan Africa (excluding high income),SSA,1992,540581485
Sub-Saharan Africa (excluding high income),SSA,1993,555699023
Sub-Saharan Africa (excluding high income),SSA,1994,571093992
Sub-Saharan Africa (excluding high income),SSA,1995,586732965
Sub-Saharan Africa (excluding high income),SSA,1996,602620918
Sub-Saharan Africa (excluding high income),SSA,1997,618795119
Sub-Saharan Africa (excluding high income),SSA,1998,635315649
Sub-Saharan Africa (excluding high income),SSA,1999,652274408
Sub-Saharan Africa (excluding high income),SSA,2000,669737048
Sub-Saharan Africa (excluding high income),SSA,2001,687462724
Sub-Saharan Africa (excluding high income),SSA,2002,705845436.882872
Sub-Saharan Africa (excluding high income),SSA,2003,724827302.898927
Sub-Saharan Africa (excluding high income),SSA,2004,744459948.991372
Sub-Saharan Africa (excluding high income),SSA,2005,764783733.243966
Sub-Saharan Africa (excluding high income),SSA,2006,785820414.484987
Sub-Saharan Africa (excluding high income),SSA,2007,807571796.990929
Sub-Saharan Africa (excluding high income),SSA,2008,830024044.295534
Sub-Saharan Africa (excluding high income),SSA,2009,853151354.110201
Sub-Saharan Africa (excluding high income),SSA,2010,876933366.362228
Sub-Saharan Africa (excluding high income),SSA,2011,901368314.357816
Sub-Saharan Africa (excluding high income),SSA,2012,926459874.077234
Sub-Saharan Africa (excluding high income),SSA,2013,952188682.610082
Sub-Saharan Africa (excluding high income),SSA,2014,978533722.739162
Sub-Saharan Africa (excluding high income),SSA,2015,1005477381.68203
Sub-Saharan Africa (excluding high income),SSA,2016,1033011458
Sub-Saharan Africa (IDA & IBRD countries),TSS,1960,228525517
Sub-Saharan Africa (IDA & IBRD countries),TSS,1961,233937952
Sub-Saharan Africa (IDA & IBRD countries),TSS,1962,239567866
Sub-Saharan Africa (IDA & IBRD countries),TSS,1963,245413930
Sub-Saharan Africa (IDA & IBRD countries),TSS,1964,251471594
Sub-Saharan Africa (IDA & IBRD countries),TSS,1965,257740253
Sub-Saharan Africa (IDA & IBRD countries),TSS,1966,264224962
Sub-Saharan Africa (IDA & IBRD countries),TSS,1967,270937271
Sub-Saharan Africa (IDA & IBRD countries),TSS,1968,277891337
Sub-Saharan Africa (IDA & IBRD countries),TSS,1969,285104267
Sub-Saharan Africa (IDA & IBRD countries),TSS,1970,292592125
Sub-Saharan Africa (IDA & IBRD countries),TSS,1971,300361016
Sub-Saharan Africa (IDA & IBRD countries),TSS,1972,308419901
Sub-Saharan Africa (IDA & IBRD countries),TSS,1973,316788972
Sub-Saharan Africa (IDA & IBRD countries),TSS,1974,325493369
Sub-Saharan Africa (IDA & IBRD countries),TSS,1975,334551330
Sub-Saharan Africa (IDA & IBRD countries),TSS,1976,343972132
Sub-Saharan Africa (IDA & IBRD countries),TSS,1977,353755617
Sub-Saharan Africa (IDA & IBRD countries),TSS,1978,363892126
Sub-Saharan Africa (IDA & IBRD countries),TSS,1979,374378752
Sub-Saharan Africa (IDA & IBRD countries),TSS,1980,385201953
Sub-Saharan Africa (IDA & IBRD countries),TSS,1981,396361476
Sub-Saharan Africa (IDA & IBRD countries),TSS,1982,407857980
Sub-Saharan Africa (IDA & IBRD countries),TSS,1983,419683723
Sub-Saharan Africa (IDA & IBRD countries),TSS,1984,431834799
Sub-Saharan Africa (IDA & IBRD countries),TSS,1985,444300924
Sub-Saharan Africa (IDA & IBRD countries),TSS,1986,457078542
Sub-Saharan Africa (IDA & IBRD countries),TSS,1987,470171799
Sub-Saharan Africa (IDA & IBRD countries),TSS,1988,483582771
Sub-Saharan Africa (IDA & IBRD countries),TSS,1989,497327000
Sub-Saharan Africa (IDA & IBRD countries),TSS,1990,511410066
Sub-Saharan Africa (IDA & IBRD countries),TSS,1991,525853526
Sub-Saharan Africa (IDA & IBRD countries),TSS,1992,540652248
Sub-Saharan Africa (IDA & IBRD countries),TSS,1993,555771276
Sub-Saharan Africa (IDA & IBRD countries),TSS,1994,571168197
Sub-Saharan Africa (IDA & IBRD countries),TSS,1995,586808269
Sub-Saharan Africa (IDA & IBRD countries),TSS,1996,602697335
Sub-Saharan Africa (IDA & IBRD countries),TSS,1997,618872438
Sub-Saharan Africa (IDA & IBRD countries),TSS,1998,635394495
Sub-Saharan Africa (IDA & IBRD countries),TSS,1999,652354818
Sub-Saharan Africa (IDA & IBRD countries),TSS,2000,669818179
Sub-Saharan Africa (IDA & IBRD countries),TSS,2001,687543926
Sub-Saharan Africa (IDA & IBRD countries),TSS,2002,705929159.882872
Sub-Saharan Africa (IDA & IBRD countries),TSS,2003,724910083.898927
Sub-Saharan Africa (IDA & IBRD countries),TSS,2004,744542423.991372
Sub-Saharan Africa (IDA & IBRD countries),TSS,2005,764866591.243966
Sub-Saharan Africa (IDA & IBRD countries),TSS,2006,785905014.484987
Sub-Saharan Africa (IDA & IBRD countries),TSS,2007,807656829.990929
Sub-Saharan Africa (IDA & IBRD countries),TSS,2008,830111000.295534
Sub-Saharan Africa (IDA & IBRD countries),TSS,2009,853238652.110201
Sub-Saharan Africa (IDA & IBRD countries),TSS,2010,877023136.362228
Sub-Saharan Africa (IDA & IBRD countries),TSS,2011,901455755.357816
Sub-Saharan Africa (IDA & IBRD countries),TSS,2012,926548177.077234
Sub-Saharan Africa (IDA & IBRD countries),TSS,2013,952278631.610082
Sub-Saharan Africa (IDA & IBRD countries),TSS,2014,978625081.739162
Sub-Saharan Africa (IDA & IBRD countries),TSS,2015,1005570800.68203
Sub-Saharan Africa (IDA & IBRD countries),TSS,2016,1033106135
Central African Republic,CAF,1960,1503508
Central African Republic,CAF,1961,1529227
Central African Republic,CAF,1962,1556661
Central African Republic,CAF,1963,1585763
Central African Republic,CAF,1964,1616516
Central African Republic,CAF,1965,1648833
Central African Republic,CAF,1966,1682885
Central African Republic,CAF,1967,1718603
Central African Republic,CAF,1968,1755344
Central African Republic,CAF,1969,1792220
Central African Republic,CAF,1970,1828709
Central African Republic,CAF,1971,1864598
Central African Republic,CAF,1972,1900317
Central African Republic,CAF,1973,1936841
Central African Republic,CAF,1974,1975521
Central African Republic,CAF,1975,2017372
Central African Republic,CAF,1976,2062405
Central African Republic,CAF,1977,2110457
Central African Republic,CAF,1978,2162249
Central African Republic,CAF,1979,2218575
Central African Republic,CAF,1980,2279821
Central African Republic,CAF,1981,2346797
Central African Republic,CAF,1982,2418844
Central African Republic,CAF,1983,2493135
Central African Republic,CAF,1984,2565803
Central African Republic,CAF,1985,2634232
Central African Republic,CAF,1986,2696982
Central African Republic,CAF,1987,2755244
Central African Republic,CAF,1988,2812244
Central African Republic,CAF,1989,2872668
Central African Republic,CAF,1990,2939780
Central African Republic,CAF,1991,3014624
Central African Republic,CAF,1992,3095807
Central African Republic,CAF,1993,3181222
Central African Republic,CAF,1994,3267670
Central African Republic,CAF,1995,3352767
Central African Republic,CAF,1996,3435821
Central African Republic,CAF,1997,3517309
Central African Republic,CAF,1998,3597385
Central African Republic,CAF,1999,3676508
Central African Republic,CAF,2000,3754986
Central African Republic,CAF,2001,3832203
Central African Republic,CAF,2002,3907612
Central African Republic,CAF,2003,3981665
Central African Republic,CAF,2004,4055036
Central African Republic,CAF,2005,4127910
Central African Republic,CAF,2006,4201758
Central African Republic,CAF,2007,4275800
Central African Republic,CAF,2008,4345386
Central African Republic,CAF,2009,4404230
Central African Republic,CAF,2010,4448525
Central African Republic,CAF,2011,4476153
Central African Republic,CAF,2012,4490416
Central African Republic,CAF,2013,4499653
Central African Republic,CAF,2014,4515392
Central African Republic,CAF,2015,4546100
Central African Republic,CAF,2016,4594621
South Africa,ZAF,1960,17396367
South Africa,ZAF,1961,17850045
South Africa,ZAF,1962,18322335
South Africa,ZAF,1963,18809939
South Africa,ZAF,1964,19308166
South Africa,ZAF,1965,19813947
South Africa,ZAF,1966,20325230
South Africa,ZAF,1967,20843785
South Africa,ZAF,1968,21374931
South Africa,ZAF,1969,21926165
South Africa,ZAF,1970,22502502
South Africa,ZAF,1971,23106806
South Africa,ZAF,1972,23736489
South Africa,ZAF,1973,24384538
South Africa,ZAF,1974,25040940
South Africa,ZAF,1975,25698856
South Africa,ZAF,1976,26354140
South Africa,ZAF,1977,27009755
South Africa,ZAF,1978,27674446
South Africa,ZAF,1979,28360820
South Africa,ZAF,1980,29077143
South Africa,ZAF,1981,29828874
South Africa,ZAF,1982,30611206
South Africa,ZAF,1983,31409913
South Africa,ZAF,1984,32204952
South Africa,ZAF,1985,32983013
South Africa,ZAF,1986,33733547
South Africa,ZAF,1987,34463077
South Africa,ZAF,1988,35195598
South Africa,ZAF,1989,35965131
South Africa,ZAF,1990,36793490
South Africa,ZAF,1991,37692367
South Africa,ZAF,1992,38646788
South Africa,ZAF,1993,39619539
South Africa,ZAF,1994,40558495
South Africa,ZAF,1995,41426810
South Africa,ZAF,1996,42210216
South Africa,ZAF,1997,42921506
South Africa,ZAF,1998,43584030
South Africa,ZAF,1999,44233730
South Africa,ZAF,2000,44896856
South Africa,ZAF,2001,45312937
South Africa,ZAF,2002,45855482.8828724
South Africa,ZAF,2003,46418193.8989267
South Africa,ZAF,2004,47001700.9913724
South Africa,ZAF,2005,47606670.2439658
South Africa,ZAF,2006,48233804.4849866
South Africa,ZAF,2007,48883844.9909288
South Africa,ZAF,2008,49557573.2955342
South Africa,ZAF,2009,50255813.1102008
South Africa,ZAF,2010,50979432.3622277
South Africa,ZAF,2011,51729345.3578159
South Africa,ZAF,2012,52506515.0772335
South Africa,ZAF,2013,53311955.6100823
South Africa,ZAF,2014,54146734.739162
South Africa,ZAF,2015,55011976.6820294
South Africa,ZAF,2016,55908865
